keyword,monthly_volume,difficulty,cpc,top_10_competitors,intent,seasonality,trend,avg_word_count,serp_features
"خرید گوشی موبایل سامسونگ",22000,78,2500,"digikala.com,mobile.ir,toranji.ir,emalls.ir,alefba.ir,shabakehmag.com,zoomit.ir,techrato.com,itresan.com,lioncomputer.ir","transactional","stable",1.05,1250,"featured_snippet,people_also_ask,image_pack"
"آموزش زبان انگلیسی آنلاین رایگان",18000,65,1800,"zabanshenas.com,goethe.de,ili.ir,faradars.org,khanacademy.org,duolingo.com,learnenglish.britishcouncil.org,ef.com,ieltspracticeonline.com,tehranlc.com","informational","winter_peak",0.98,3200,"video_carousel,people_also_ask,related_searches"
"طراحی سایت شرکتی حرفه ای تهران",15000,70,2000,"virgool.io,mizfa.net,parsclick.net,raymand.ir,nikanweb.com,websima.com,atgo.ir,limotorsh.com,mdweb.ir,sitecup.ir","transactional","stable",1.12,2800,"local_pack,site_links,review_snippets"
"خرید لپ تاپ استوک با گارانتی",19000,75,2300,"digikala.com,emalls.ir,lioncomputer.ir,stocklaptop.ir,laptopcity.ir,laptopkala.com,stockkala.com,beststock.ir,mrtahlilgar.com,alocomputer.com","transactional","new_year_peak",1.25,1450,"shopping_results,price_drop_alert,rating_stars"
"آموزش سئو تکنیکال پیشرفته 2024",12000,60,1500,"faradars.org,seomoz.org,ahrefs.com,searchenginejournal.com,searchengineland.com,moz.com,backlinko.com,neilpatel.com,semrush.com,searchenginepeople.com","informational","stable",1.08,4500,"featured_snippet,people_also_ask,top_stories"
"قیمت خودرو صفر کیلومتر تهران",25000,80,1000,"bama.ir,khodrobank.com,irankhodro.ir,saipacorp.com,persiakhodro.ir,mycar.ir,asrekhodro.com,donyayekhodro.com,mashin3.com,ikcopress.com","informational","spring_peak",0.95,1800,"carousel,price_trends,new_listings"
"رزرو هتل مشهد با تخفیف ویژه",16000,72,1700,"booking.com,alibaba.ir,otaghak.com,jabama.com,iranhotelonline.com,eghamat24.com,rahbal.com,triptoiran.com,hoteljaa.com,hotelyar.com","transactional","religious_peak",1.35,2100,"hotel_booking,image_pack,review_aggregate"
"خرید بلیط هواپیما ارزان داخلی",20000,77,2200,"alibaba.ir,ghasrtalaei.com,safarme.com,mrbilit.com,flytoday.ir,respina24.ir,flypersia.ir,parvaz24.com,irair.ir,iranair.com","transactional","holiday_peak",1.42,1350,"flight_widget,price_comparison,deal_alert"
"آموزش فتوشاپ مقدماتی تا پیشرفته",14000,62,1600,"faradars.org,photoshoptrainingchannel.com,aparat.com,lynda.com,udemy.com,skillshare.com,coursera.org,pluralsight.com,creativeLive.com,domestika.org","informational","stable",0.92,3800,"video_carousel,download_links,software_requirements"
"مشاوره حقوقی آنلاین رایگان تهران",9000,55,2800,"wikivakil.org,dadgaran.com,adliran.ir,mizan.ir,hoghogonline.com,vakilmelk.com,moshavereh.net,sanjesh.org,iranlegaladvice.com,lawnet.ir","transactional","stable",1.15,950,"local_pack,instant_answer,contact_cards"
"تعمیر موبایل سامسونگ تهران",11000,58,1900,"aparat.com,tamirmobile.ir,mobilekomak.com,mobile4u.ir,repairmobile.ir,mobilestock.ir,samsung-repair.ir,mobiledokan.com,gsmarena.ir,digiro.ir","transactional","stable",1.08,1250,"local_service,price_estimates,how_to_guides"
"خرید آنلاین لباس زنانه تابستانه",21000,82,900,"digikala.com,modiseh.com,bamilo.com,shein.com,zalando.com,asos.com,next.ir,hm.com,bershka.com,stradivarius.com","transactional","seasonal",1.22,1650,"shopping_results,size_chart,color_options"
"بهترین رستوران های شمال تهران با فضای باز",10000,68,1200,"zomato.com,chilivery.com,reyhoon.com,snappfood.ir,fidilio.com,koja.com,gardi.ir,visitiran.ir,otag.ir,cafeyab.ir","informational","weekend_peak",0.88,2400,"local_pack,menu_samples,reservation_links"
"قیمت دلار امروز بازار آزاد",30000,85,800,"tgju.org,mesghal.com,iranjib.ir,bonbast.com,sarafimihan.com,fardanews.com,donya-e-eqtesad.com,eghtesadnews.com,isna.ir,ilna.news","informational","volatile",1.55,650,"currency_converter,live_charts,news_aggregator"
"دانلود فیلم جدید ایرانی با کیفیت بالا",28000,88,500,"aparat.com,namasha.com,filimo.com,iranimag.ir,cinematicket.org,salamcinama.ir,ifilmtv.tv,tamasha.com,30nama.com,filmnet.ir","transactional","weekend_peak",1.18,850,"video_results,download_buttons,quality_options"
"آموزش آشپزی ایرانی ساده و سریع",17000,63,1400,"aparat.com,cheftayebeh.com,food.com,persianmama.com,mycookingdiary.com,ashpazbashi.com,iranchef.com,khoshmazeh.net,sofrehkhune.com,garnish.ir","informational","dinner_peak",0.95,3100,"recipe_card,cooking_timer,ingredient_list"
"خرید کتاب آنلاین با ارسال رایگان",13000,59,1100,"digikala.com,adinehbook.com,30book.com,ketabrah.ir,filimo.com/ketab,bookcity.ir,iranbook.ir,gutenberg.org,amazon.com,barnesandnoble.com","transactional","stable",1.02,1450,"book_preview,author_interviews,reading_lists"
"جراحی بینی طبیعی در تهران",11500,71,2600,"jarahanzibaei.com,dr-ansari.com,drhodaei.com,drjalilian.com,nosejob.ir,beautyiran.com,tehranplasticsurgery.com,iranhealthcare.com,medicaltourismiran.com,iranmedtour.com","transactional","stable",1.12,2200,"before_after_gallery,consultation_form,price_ranges"
"خدمات نظافت منزل تهران فوری",9500,56,2000,"ozvito.com,mrhelper.ir,emdadban.com,asanjar.ir,tamizkar.com,neda.ir,aynaz.ir,hamyarshahri.com,otagh.ir,mahfelkaran.com","transactional","new_year_peak",1.28,1150,"instant_booking,service_packages,cleaner_profiles"
"قیمت آپارتمان در تهران منطقه 1",24000,81,900,"divar.ir,sheypoor.com,iranamlaak.ir,kilid.com,zamin.ir,melkpardaz.com,hamlankar.com,online-maskan.ir,sabzangosht.com,bazarmaskan.ir","informational","spring_peak",1.05,1950,"property_map,3d_tours,mortgage_calculator"
"متخصص پوست و مو تهران جردن",12500,73,2700,"drfakhar.ir,drhodaei.com,drjalilian.com,skinclub.ir,dermacentre.ir,tehranskin.com,irandermatology.com,beautyclinics.ir,skinlaser.ir,cosmeticsurgery.ir","transactional","stable",1.08,1850,"doctor_profile,appointment_scheduler,treatment_options"
"رزرو بلیط اتوبوس تهران مشهد",14500,67,1300,"alibaba.ir,mrbilit.com,payaneha.com,topticket.ir,ghasrtalaei.com,safarme.com,respina24.ir,bus.ir,rahbal.com,mahani.com","transactional","holiday_peak",1.45,950,"seat_selection,baggage_info,travel_restrictions"
"آموزش برنامه نویسی پایتون پروژه محور",19500,64,1700,"faradars.org,roocket.ir,mrfarahani.com,learninweb.com,w3schools.com,python.org,tutorialspoint.com,geeksforgeeks.org,codecademy.com,coursera.org","informational","stable",1.22,5200,"code_snippets,interactive_console,project_templates"
"قیمت طلای 18 عیار امروز",27500,84,700,"tgju.org,mesghal.com,iranjib.ir,goldprice.org,kitco.com,gold.ir,talafun.com,zarr.ir,eghtesadonline.com,donya-e-eqtesad.com","informational","volatile",1.65,550,"gold_price_chart,weight_converter,purity_test"
"دانلود آهنگ جدید ایرانی شاد",32000,89,400,"aparat.com,namasha.com,melovaz.net,next1music.ir,music-fa.com,gandommusic.ir,baranmusic.ir,iranseda.ir,javanroudmusic.ir,musighi-ma.com","transactional","weekend_peak",1.28,750,"music_player,top_charts,artist_playlists"
"بهترین دانشگاه های ایران برای کامپیوتر",10500,69,1500,"sharif.edu,tehran.ac.ir,aut.ac.ir,iust.ac.ir,um.ac.ir,modares.ac.ir,amirkabir.edu,shahroodut.ac.ir,sbu.ac.ir,kntu.ac.ir","informational","admission_season",0.85,4100,"ranking_table,admission_requirements,campus_tour"
"خرید لوازم التحریر فانتزی",15500,61,1000,"digikala.com,shahrereghlam.com,iranpen.ir,ketabane.com,adinehbook.com,30book.com,khaneketab.ir,roozrang.com,papirie.com,online نوشت افزار.com","transactional","back_to_school",1.55,1350,"product_carousel,back_to_school_kit,personalization"
"تور کیش همه شامل فرودگاهی",17500,76,2100,"alibaba.ir,ghasrtalaei.com,safarme.com,mrbilit.com,kishtickets.ir,kishonline.com,kiشگردی.com,torland.ir,untp.ir,parvazsepehr.com","transactional","summer_peak",1.75,2450,"package_comparison,travel_guide,virtual_tour"
"آموزش زبان آلمانی سطح A1",13500,57,1900,"zabanshenas.com,goethe.de,persian-language.com,faradars.org,learnpersianonline.com,dw.com/persian,duolingo.com,memrise.com,babadili.com,busuu.com","informational","stable",1.12,3800,"placement_test,study_plan,progress_tracker"
"شرایط دریافت وام مسکن ملی",23500,83,800,"bank-maskan.ir,bmi.ir,mellatbank.ir,samanbank.ir,pasargadbank.ir,ayandehbank.com,enbank.ir,shahr-bank.ir,t.me/banki_ir,bankvarzesh.com","informational","stable",1.05,1750,"eligibility_checker,payment_calculator,documents_checklist"
"تعمیرات لوازم خانگی ال جی تهران",11700,59,2200,"aparat.com,tamirkaraneiran.ir,fixman.ir,tehranservice.ir,goldiservice.com,ariarepair.com,hamyarhelp.com,emdadgarmaz.com,iranhomester.com,servicekaran.com","transactional","stable",1.08,1550,"service_coverage,technician_ratings,warranty_info"
"برنامه غذایی برای کاهش وزن",14700,70,600,"aparat.com,namasha.com,drkarimi.ir,drsheikholvaezin.ir,dietdoctor.com,myfitnesspal.com,healthline.com,nutritionix.com,dietplans.ir,fitatu.com","informational","new_year_peak",1.35,2900,"meal_planner,calorie_counter,nutrition_charts"
keyword,monthly_volume,difficulty,cpc,top_10_competitors,intent,seasonality,trend,avg_word_count,serp_features
"بهترین گوشی های هوشمند میان رده 2024",10000,65,1700,"digikala.com,mobile.ir,toranji.ir,zoomit.ir,gsmarena.com,techrato.com,shabakehmag.com,itresan.com,alefba.ir,nanoreview.net","informational","stable",1.15,3500,"featured_snippet,product_carousel,review_snippets"
"بهترین آموزشگاه زبان انگلیسی تهران",12000,70,2000,"zabanshenas.com,goethe.de,ili.ir,tehranlc.com,irlanguage.com,ef.com,britishcouncil.org,kanduuml.ir,elc.ac.ir,arablanguage.ir","transactional","stable",1.20,2800,"local_pack,site_links,student_reviews"
"طراحی سایت فروشگاهی ارزان",9000,60,1500,"virgool.io,mizfa.net,parsclick.net,raymand.ir,nikanweb.com,websima.com,atgo.ir,sitecup.ir,iranwebsaz.com,codal.ir","transactional","stable",1.10,2500,"site_links,pricing_table,case_studies"
"خرید لپ تاپ گیمینگ ارزان",15000,75,2300,"digikala.com,emalls.ir,lioncomputer.ir,laptopcity.ir,laptopkala.com,stocklaptop.ir,alocomputer.com,mrtahlilgar.com,pcgamer.ir,bazibazi.ir","transactional","stable",1.25,1500,"shopping_results,product_comparison,tech_specs"
"آموزش سئو کلاه سفید برای مبتدیان",8000,55,1200,"faradars.org,seomoz.org,ahrefs.com,searchenginejournal.com,moz.com,backlinko.com,neilpatel.com,semrush.com,hubspot.com,webshoma.com","informational","stable",1.05,4000,"featured_snippet,people_also_ask,table_of_contents"
"قیمت روز خودرو داخلی ایران",20000,80,1000,"bama.ir,khodrobank.com,irankhodro.ir,saipacorp.com,mycar.ir,asrekhodro.com,donyayekhodro.com,mashin3.com,ikcopress.com,khabarauto.com","informational","stable",1.10,1800,"carousel,price_trends,new_listings"
"رزرو هتل های ارزان مشهد نزدیک حرم",14000,72,1700,"booking.com,alibaba.ir,otaghak.com,jabama.com,iranhotelonline.com,eghamat24.com,rahbal.com,triptoiran.com,hoteljaa.com,hotelyar.com","transactional","religious_peak",1.30,2000,"hotel_booking,map_results,review_aggregate"
"خرید بلیط هواپیما لحظه آخری ارزان",18000,77,2200,"alibaba.ir,ghasrtalaei.com,safarme.com,mrbilit.com,flytoday.ir,respina24.ir,flypersia.ir,parvaz24.com,irair.ir,iranair.com","transactional","holiday_peak",1.40,1300,"flight_widget,price_alerts,last_minute_deals"
"آموزش فتوشاپ برای طراحی لوگو",10000,62,1600,"faradars.org,photoshoptrainingchannel.com,aparat.com,lynda.com,udemy.com,skillshare.com,coursera.org,pluralsight.com,creativeLive.com,domestika.org","informational","stable",1.00,3500,"video_carousel,logo_templates,step_by_step_guides"
"بهترین وکیل خانواده در تهران",7000,55,2800,"wikivakil.org,dadgaran.com,adliran.ir,mizan.ir,hoghogonline.com,vakilmelk.com,moshavereh.net,sanjesh.org,iranlegaladvice.com,lawnet.ir","transactional","stable",1.15,900,"local_pack,contact_cards,lawyer_profiles"
"تعمیرات تخصصی آیفون در تهران",9000,58,1900,"aparat.com,tamirmobile.ir,mobilekomak.com,mobile4u.ir,repairmobile.ir,mobilestock.ir,samsung-repair.ir,mobiledokan.com,gsmarena.ir,digiro.ir","transactional","stable",1.10,1200,"local_service,price_estimates,apple_support_links"
"خرید آنلاین لباس مجلسی زنانه",19000,82,900,"digikala.com,modiseh.com,bamilo.com,shein.com,zalando.com,asos.com,next.ir,hm.com,bershka.com,stradivarius.com","transactional","seasonal",1.20,1600,"shopping_results,size_charts,occasion_suggestions"
"بهترین کافه های تهران برای تولد",8000,68,1200,"zomato.com,chilivery.com,reyhoon.com,snappfood.ir,fidilio.com,koja.com,gardi.ir,visitiran.ir,otag.ir,cafeyab.ir","informational","weekend_peak",0.90,2300,"local_pack,menu_samples,party_packages"
"نرخ لحظه ای دلار در بازار امروز",28000,85,800,"tgju.org,mesghal.com,iranjib.ir,bonbast.com,sarafimihan.com,fardanews.com,donya-e-eqtesad.com,eghtesadnews.com,isna.ir,ilna.news","informational","volatile",1.50,600,"currency_converter,live_charts,financial_news"
"دانلود فیلم های سینمایی جدید ایرانی",26000,88,500,"aparat.com,namasha.com,filimo.com,iranimag.ir,cinematicket.org,salamcinama.ir,ifilmtv.tv,tamasha.com,30nama.com,filmnet.ir","transactional","weekend_peak",1.20,800,"video_results,download_links,movie_trailers"
"طرز تهیه غذاهای ایرانی خوشمزه",15000,63,1400,"aparat.com,cheftayebeh.com,food.com,persianmama.com,mycookingdiary.com,ashpazbashi.com,iranchef.com,khoshmazeh.net,sofrehkhune.com,garnish.ir","informational","dinner_peak",1.00,3000,"recipe_card,cooking_tips,nutritional_info"
"خرید کتاب های کمک درسی کنکور آنلاین",11000,59,1100,"digikala.com,adinehbook.com,30book.com,ketabrah.ir,filimo.com/ketab,bookcity.ir,iranbook.ir,gutenberg.org,amazon.com,barnesandnoble.com","transactional","back_to_school",1.10,1400,"book_preview,exam_prep_materials,study_guides"
"بهترین جراح بینی در تهران",9500,71,2600,"jarahanzibaei.com,dr-ansari.com,drhodaei.com,drjalilian.com,nosejob.ir,beautyiran.com,tehranplasticsurgery.com,iranhealthcare.com,medicaltourismiran.com,iranmedtour.com","transactional","stable",1.15,2100,"before_after_photos,surgeon_profiles,consultation_booking"
"قیمت و خرید انواع فرش ماشینی",16500,78,1800,"digikala.com,emalls.ir,farshonline.com,carpetiran.com,persiancarpet.ir,irancarpet.com,carpetcity.ir,khanefarsh.com,carpetland.ir,zarisfarsh.com","transactional","stable",1.30,1500,"shopping_ads,image_pack,product_comparison"
"بهترین دکتر پوست و مو در تهران",13000,75,2500,"drfakhar.ir,drhodaei.com,drjalilian.com,skinclub.ir,dermacentre.ir,tehranskin.com,irandermatology.com,beautyclinics.ir,skinlaser.ir,cosmeticsurgery.ir","transactional","stable",1.12,2000,"local_pack,doctor_profiles,appointment_booking"
"قیمت و خرید مبل راحتی جدید",14000,70,1600,"digikala.com,emalls.ir,moblfaryazan.com,mobleman.ir,iranimod.com,moblo.ir,decorar.ir,moblify.com,chehelsetoon.com,jabama.com","transactional","stable",1.25,1700,"shopping_ads,product_variations,style_guides"
"خرید و قیمت انواع شیرآلات بهداشتی",11000,65,1400,"digikala.com,emalls.ir,baharanshop.ir,shiralatmarket.com,novinshir.com,kianosat.com,khazaei.com,shouderkala.com,iranbarad.com,bazarshir.com","transactional","stable",1.18,1300,"product_comparison,shopping_results,installation_guides"
"بهترین مارک و قیمت تلویزیون ال ای دی",12500,72,1900,"digikala.com,emalls.ir,lioncomputer.ir,mobile.ir,zoomit.ir,techrato.com,gsmarena.com,shabakehmag.com,itresan.com,nanoreview.net","transactional","stable",1.20,1600,"product_reviews,size_options,price_comparison"
"قیمت و خرید لوازم خانگی اقساطی",15500,78,1700,"digikala.com,emalls.ir,shahrekala.com,onlinekist.com,selectkala.com,paytakhtkala.com,lavasemkhanegi.com,kalacity.com,tehrankala.com,bazarkala.com","transactional","stable",1.35,1400,"installment_plans,financing_options,product_bundles"
"بهترین وکیل ملکی در تهران",8500,60,2400,"wikivakil.org,dadgaran.com,adliran.ir,mizan.ir,hoghogonline.com,vakilmelk.com,moshavereh.net,sanjesh.org,iranlegaladvice.com,lawnet.ir","transactional","stable",1.15,1000,"local_pack,client_testimonials,contact_form"
"قیمت و خرید آنلاین ساعت مچی مردانه",17000,75,2000,"digikala.com,emalls.ir,watchonline.ir,tiktaak.com,saatiran.com,iranswatch.com,monditime.com,watchtime.ir,timeiran.com,saatmarket.com","transactional","stable",1.30,1500,"shopping_ads,style_guides,brand_comparison"
"خرید و قیمت کولر گازی اسپلیت دیواری",13500,70,1500,"digikala.com,emalls.ir,tasisat.com,damatajhiz.com,bousharshop.com,sarmagarma.com,climashop.ir,koolergazi.ir,ghimatkooler.com,alborz-tahvieh.com","transactional","summer_peak",1.40,1200,"price_comparison,energy_efficiency,installation_service"
"خرید آنلاین کفش ورزشی مردانه",19500,80,1800,"digikala.com,emalls.ir,sportonlineshop.com,nike.com,adidas.com,pumashoes.ir,reebok.ir,mersisport.com,shop.majidsport.com,sportcity.ir","transactional","stable",1.25,1600,"shopping_ads,size_charts,style_guides"
"بهترین متخصص تغذیه و رژیم درمانی تهران",10000,65,2200,"doctorsofiran.com,pezeshkekhoob.com,doctop.ir,midoctor.ir,medicaltourismiran.com,iranhealthcare.com,doctoryab.ir,clinicdarman.com,nobat.ir,vismed.ir","transactional","new_year_peak",1.20,1800,"local_pack,doctor_profiles,appointment_booking"
"قیمت و خرید اینترنتی لپ تاپ استوک",12000,72,2100,"digikala.com,emalls.ir,stocklaptop.ir,laptopcity.ir,laptopkala.com,stockkala.com,beststock.ir,mrtahlilgar.com,alocomputer.com,stockparsian.com","transactional","stable",1.30,1400,"product_comparison,warranty_info,price_range"
"خرید آنلاین لوازم آرایشی و بهداشتی اصل",21000,85,1900,"digikala.com,emalls.ir,rojashop.com,mymall.ir,khanoumi.com,modemix.ir,safirstores.com,zarsima.ir,makeupkala.com,apadanashop.ir","transactional","stable",1.28,1700,"shopping_ads,product_reviews,skin_type_guides"
"بهترین کلینیک زیبایی پوست در تهران",11500,70,2400,"drfakhar.ir,drhodaei.com,drjalilian.com,skinclub.ir,dermacentre.ir,tehranskin.com,irandermatology.com,beautyclinics.ir,skinlaser.ir,cosmeticsurgery.ir","transactional","stable",1.25,1900,"local_pack,service_packages,before_after_photos"
"قیمت و خرید آنلاین گوشی موبایل شیائومی",23000,82,2000,"digikala.com,mobile.ir,toranji.ir,zoomit.ir,gsmarena.com,techrato.com,shabakehmag.com,itresan.com,alefba.ir,mi.com/ir/","transactional","stable",1.22,1600,"product_comparison,specs_comparison,deals_alerts"
"بهترین آموزشگاه زبان آلمانی در تهران",9500,65,1800,"zabanshenas.com,goethe.de,persian-language.com,faradars.org,learnpersianonline.com,dw.com/persian,duolingo.com,memrise.com,babadili.com,busuu.com","transactional","stable",1.20,1700,"local_pack,course_outlines,student_reviews"
"قیمت و خرید انواع لاستیک خودرو",14500,75,1600,"digikala.com,emalls.ir,aparat.com,shafajal.com,tikedar.com,tajilasti.com,tireprice.ir,lastikonline.com,lastikmarket.ir,iran-tire.ir","transactional","seasonal",1.30,1300,"price_comparison,tire_size_guide,installation_service"
"بهترین رستوران های ایتالیایی در تهران",8000,68,1900,"zomato.com,chilivery.com,reyhoon.com,snappfood.ir,fidilio.com,koja.com,gardi.ir,visitiran.ir,otag.ir,cafeyab.ir","informational","weekend_peak",1.00,2200,"local_pack,menu_samples,reservation_links"
"قیمت و خرید روغن موتور خودرو",11000,62,1400,"digikala.com,emalls.ir,roghantuning.com,oilmarket.ir,tehranroghan.com,roghanonline.com,roghanfarsi.com,autoil.ir,oiliran.com,partslink.ir","transactional","stable",1.20,1100,"product_comparison,viscosity_guide,oil_change_service"
"بهترین دندانپزشک زیبایی در تهران",9000,70,2300,"doctorsofiran.com,pezeshkekhoob.com,doctop.ir,midoctor.ir,medicaltourismiran.com,iranhealthcare.com,doctoryab.ir,clinicdarman.com,nobat.ir,vismed.ir","transactional","stable",1.25,2000,"local_pack,doctor_profiles,before_after_photos"
"قیمت و خرید انواع پرده زبرا و کرکره",13000,68,1500,"digikala.com,emalls.ir,pardehsarayemodern.ir,pardehsara.ir,zhebra.ir,parsa-pardeh.com,pardeh-afra.ir,novin-parde.com,pardeh-roz.ir,artapardeh.com","transactional","stable",1.30,1200,"style_guide,measurement_tips,installation_guide"
"بهترین آموزشگاه آرایشگری در تهران",8500,60,2100,"mahface.com,irangam.com,zibakade.com,beautyschool.ir,mootanroo.com,honarpars.com,fanniherfehee.ir,amoozeshgahiran.com,mahpareh.com,arayeshgari.com","transactional","stable",1.15,1600,"local_pack,course_outlines,student_reviews"
"قیمت و خرید قطعات یدکی خودرو",15000,75,1800,"digikala.com,emalls.ir,yadakchi.ir,idparts.com,khodroidaki.com,autoparts.ir,partshope.ir,yadaki.com,auto724.ir,ghatetedaki.com","transactional","stable",1.35,1300,"product_catalog,parts_finder,installation_guides"
"بهترین شرکت های طراحی دکوراسیون داخلی تهران",9500,65,2000,"virgool.io,mizfa.net,parsclick.net,raymand.ir,nikanweb.com,websima.com,atgo.ir,sitecup.ir,decorasion.com,architects.ir","transactional","stable",1.20,1800,"local_pack,portfolio_showcase,consultation_booking"
"قیمت و خرید انواع دستبند طلا زنانه",16000,80,1900,"digikala.com,emalls.ir,zargold.ir,talaperla.com,goldenjewels.ir,goldgallery.ir,dastbandtala.com,mandegarigold.com,zarin.ir,goldiran.net","transactional","stable",1.28,1500,"shopping_ads,style_guides,metal_purity_guide"
"بهترین هتل های 5 ستاره تهران",10500,70,2200,"booking.com,alibaba.ir,otaghak.com,jabama.com,iranhotelonline.com,eghamat24.com,rahbal.com,triptoiran.com,hoteljaa.com,hotelyar.com","transactional","stable",1.22,2100,"local_pack,hotel_reviews,amenities_list"
"قیمت و خرید آنلاین لوازم تحریر",18000,78,1700,"digikala.com,shahrereghlam.com,iranpen.ir,ketabane.com,adinehbook.com,30book.com,khaneketab.ir,roozrang.com,papirie.com,online-نوشت افزار.com","transactional","back_to_school",1.35,1400,"shopping_ads,back_to_school_guide,bulk_discounts"
"بهترین کلاس های آنلاین کنکور",12500,65,1900,"faradars.org,alotabligh.com,alaatv.com,digikonkur.com,ostadbank.com,kelass.ir,konkur.ir,daneshjootrainer.com,amoozesh90.ir,azmoonplus.ir","transactional","back_to_school",1.20,1700,"course_outlines,teacher_profiles,demo_lessons"
"قیمت و خرید انواع لپ تاپ دانشجویی",14000,72,1800,"digikala.com,emalls.ir,lioncomputer.ir,laptopcity.ir,laptopkala.com,stocklaptop.ir,alocomputer.com,mrtahlilgar.com,pcgamer.ir,bazibazi.ir","transactional","stable",1.30,1500,"laptop_comparison,tech_specs,student_discounts"
"بهترین مرکز لیزر موهای زائد در تهران",9000,70,2400,"drfakhar.ir,drhodaei.com,drjalilian.com,skinclub.ir,dermacentre.ir,tehranskin.com,irandermatology.com,beautyclinics.ir,skinlaser.ir,cosmeticsurgery.ir","transactional","stable",1.25,1900,"local_pack,service_packages,pricing_guide"
"قیمت و خرید آنلاین عطر و ادکلن مردانه",17500,80,2100,"digikala.com,emalls.ir,rojashop.com,mymall.ir,khanoumi.com,modemix.ir,safirstores.com,zarsima.ir,atrkhane.com,apadanashop.ir","transactional","stable",1.28,1600,"fragrance_notes,brand_comparison,shopping_ads"
"بهترین متخصص ارتودنسی در تهران",8500,65,2200,"doctorsofiran.com,pezeshkekhoob.com,doctop.ir,midoctor.ir,medicaltourismiran.com,iranhealthcare.com,doctoryab.ir,clinicdarman.com,nobat.ir,vismed.ir","transactional","stable",1.20,1800,"local_pack,doctor_profiles,before_after_photos"
"قیمت و خرید انواع مکمل های ورزشی",15500,75,1700,"digikala.com,emalls.ir,mokamelha.ir,damdaroshop.com,bodybuilding.ir,varzesh11.com,sportnutrition.ir,supplementshop.ir,iranmuscle.com,fitnesshouse.ir","transactional","stable",1.35,1400,"product_comparison,ingredient_list,usage_guide"
"بهترین جراح پلاستیک صورت در تهران",9500,72,2500,"jarahanzibaei.com,dr-ansari.com,drhodaei.com,drjalilian.com,plasticsurgery.ir,beautyiran.com,tehranplasticsurgery.com,iranhealthcare.com,medicaltourismiran.com,iranmedtour.com","transactional","stable",1.22,2000,"before_after_photos,surgeon_profiles,consultation_booking"
"قیمت و خرید آنلاین لوازم باغبانی",12000,68,1400,"digikala.com,emalls.ir,golsetan.com,sabzparvar.com,takagric.com,keshavarzi.net,iranbazr.com,bazarbaghbani.com,golemanoto.ir,khazra.com","transactional","spring_peak",1.20,1100,"product_guide,planting_tips,seasonal_offers"
"بهترین متخصص مغز و اعصاب در تهران",8000,60,2000,"doctorsofiran.com,pezeshkekhoob.com,doctop.ir,midoctor.ir,medicaltourismiran.com,iranhealthcare.com,doctoryab.ir,clinicdarman.com,nobat.ir,vismed.ir","transactional","stable",1.15,1700,"local_pack,doctor_profiles,specialization_info"
"قیمت و خرید آنلاین ابزارآلات صنعتی",13500,70,1600,"digikala.com,emalls.ir,abzarmart.com,abzarket.com,calsakala.com,abzarsanat.com,atools.ir,abzaronline.com,tehranabzar.com,irantools.com","transactional","stable",1.30,1200,"product_catalog,specifications_guide,power_tool_reviews"
"بهترین مشاور املاک در تهران منطقه 1",9000,65,2300,"divar.ir,sheypoor.com,iranamlaak.ir,kilid.com,zamin.ir,melkpardaz.com,hamlankar.com,online-maskan.ir,sabzangosht.com,bazarmaskan.ir","transactional","stable",1.25,1800,"local_pack,agent_profiles,property_listings"
"قیمت و خرید آنلاین لوازم اداری",16000,78,1900,"digikala.com,shahrereghlam.com,iranpen.ir,ketabane.com,adinehbook.com,30book.com,khaneketab.ir,roozrang.com,papirie.com,online-نوشت افزار.com","transactional","stable",1.32,1400,"shopping_ads,office_furniture,bulk_discounts"
"بهترین آموزشگاه موسیقی در تهران",10000,70,2100,"navayemahoor.com,melodika.ir,sormeh.ir,avayeno.com,farhanghonar.ir,baranmusicacademy.com,soramusic.com,taktaraneh.com,iranianschoolofmusic.com,mahanmusic.com","transactional","stable",1.20,1600,"local_pack,course_outlines,instrument_rentals"
"قیمت و خرید انواع بیمه شخص ثالث",14000,75,1800,"bimebazaar.com,bimeh.com,azki.com,iraninsurance.ir,pasargadinsurance.com,bimesaman.com,dayins.com,alborzinsurance.com,mainsurance.ir,armins.com","transactional","stable",1.35,1300,"policy_comparison,premium_calculator,coverage_options"
"بهترین جراح گوش و حلق و بینی در تهران",8500,65,2200,"doctorsofiran.com,pezeshkekhoob.com,doctop.ir,midoctor.ir,medicaltourismiran.com,iranhealthcare.com,doctoryab.ir,clinicdarman.com,nobat.ir,vismed.ir","transactional","stable",1.20,1700,"local_pack,doctor_profiles,specialization_info"
"قیمت و خرید آنلاین لوازم دکوری منزل",17000,80,2000,"digikala.com,emalls.ir,khanedary.com,shabakhe.com,zarinshahryar.com,khaneman.ir,decora.ir,chidaneh.com,irdecor.com,khaneirani.ir","transactional","stable",1.28,1500,"shopping_ads,style_guides,home_decor_ideas"
"بهترین مرکز مشاوره روانشناسی در تهران",11500,72,2300,"pezeshkekhoob.com,doctop.ir,midoctor.ir,medicaltourismiran.com,iranhealthcare.com,doctoryab.ir,psycenter.ir,psymed.ir,ravanshenasito.com,drfarhang.com","transactional","stable",1.25,1900,"local_pack,therapist_profiles,session_booking"
"قیمت و خرید آنلاین لباس بچه گانه",19000,82,1900,"digikala.com,emalls.ir,niniplus.com,kidmod.ir,nilper.com,shikopik.com,bebeshop.ir,littleme.ir,poopakshop.com,mehrmaman.com","transactional","stable",1.22,1600,"size_charts,style_guides,shopping_ads"
"بهترین آموزشگاه زبان فرانسه در تهران",9500,68,1800,"zabanshenas.com,persian-language.com,faradars.org,learnpersianonline.com,institutfrancais-teheran.com,alliancefrancaise.ir,parisianfrench.com,frenchpod101.com,duolingo.com,memrise.com","transactional","stable",1.20,1700,"local_pack,course_outlines,teacher_profiles"
"قیمت و خرید انواع فرش دستباف",15500,78,1700,"digikala.com,emalls.ir,farshonline.com,carpetiran.com,persiancarpet.ir,irancarpet.com,carpetcity.ir,khanefarsh.com,carpetland.ir,zarisfarsh.com","transactional","stable",1.35,1400,"shopping_ads,persian_carpet_guide,weave_types"
"بهترین باشگاه بدنسازی در تهران",10000,65,2100,"fitnessfirst.ir,oxgym.ir,fitclub.ir,ariafitness.com,goldgym.ir,revolutiongym.ir,platinumgym.ir,spartangym.ir,dynamicgym.ir,crossfitiran.com","transactional","new_year_peak",1.20,1700,"local_pack,membership_options,equipment_list"
"قیمت و خرید آنلاین آجیل و خشکبار",16500,80,2000,"digikala.com,emalls.ir,ajiland.com,bazarganiajil.com,ajilonline.ir,termeh-ajil.com,rostamajil.com,ajilbaz.com,nooshine.com,yashilajil.com","transactional","holiday_peak",1.28,1500,"product_catalog,health_benefits,gift_packages"
"بهترین جراح پلک در تهران",8500,70,2300,"jarahanzibaei.com,dr-ansari.com,drhodaei.com,drjalilian.com,blepharoplasty.ir,beautyiran.com,tehranplasticsurgery.com,iranhealthcare.com,medicaltourismiran.com,iranmedtour.com","transactional","stable",1.25,2000,"before_after_photos,surgeon_profiles,consultation_booking"
"قیمت و خرید آنلاین اسباب بازی",18000,82,1900,"digikala.com,emalls.ir,toykala.com,niniland.com,toysrus.com,kidtoys.ir,esbabbazi.com,toykids.ir,toyshopiran.com,koodakplus.com","transactional","holiday_peak",1.22,1600,"age_range_guide,developmental_benefits,shopping_ads"
"بهترین آموزشگاه رانندگی در تهران",9500,68,1800,"daneshjoo-dl.ir,tehran-driving.com,amoozeshgah-ranandegi.ir,iranian-driving.ir,driving-academy.ir,sepasiran.com,tehrandriving.com,roozdriving.com,drivingiran.ir,citydriving.ir","transactional","stable",1.20,1700,"local_pack,course_packages,instructor_profiles"
"قیمت و خرید انواع درب ضد سرقت",15500,78,1700,"digikala.com,emalls.ir,irananti سرقت door.com,sadrdoor.com,dooriran.com,novindoor.com,dayandoor.com,iransafe.ir,doorcity.ir,aradsecurity.com","transactional","stable",1.35,1400,"security_features,style_options,installation_services"
"بهترین کلینیک کاشت مو در تهران",10000,72,2100,"hairtransplantiran.com,iranhairclinic.com,hairbeauty.ir,novinroyesh.com,persepolis-hair.com,moo-transplant.ir,royanmoo.com,hairtransplant-iran.ir,iranianhairclinic.com,modernhairtransplant.ir","transactional","stable",1.20,1600,"local_pack,procedure_info,before_after_photos"
"قیمت و خرید آنلاین ساعت دیواری",17000,80,2000,"digikala.com,emalls.ir,saatdivari.com,clockmarket.ir,suncityclock.com,watchshoponline.ir,saatirani.com,timegallery.ir,clocktime.ir,decorclock.ir","transactional","stable",1.28,1500,"style_guides,shopping_ads,room_decor_tips"
"بهترین متخصص گوارش در تهران",11500,70,2300,"doctorsofiran.com,pezeshkekhoob.com,doctop.ir,midoctor.ir,medicaltourismiran.com,iranhealthcare.com,doctoryab.ir,clinicdarman.com,nobat.ir,vismed.ir","transactional","stable",1.25,1900,"local_pack,doctor_profiles,specialization_info"
"قیمت و خرید آنلاین محصولات ارگانیک",19000,82,1900,"digikala.com,emalls.ir,organicmarketiran.com,organicshop.ir,organika.ir,organic24.ir,zaminfood.com,iranshoreshop.com,organikfood.ir,naturalfood.ir","transactional","stable",1.22,1600,"certifications_guide,product_catalog,health_benefits"
"بهترین آموزشگاه زبان ترکی استانبولی در تهران",9500,68,1800,"zabanshenas.com,persian-language.com,faradars.org,learnpersianonline.com,tomer.ankara.edu.tr,yunusemre.org.tr,turkishclass101.com,duolingo.com,memrise.com,busuu.com","transactional","stable",1.20,1700,"local_pack,course_outlines,teacher_profiles"
"قیمت و خرید انواع لوستر و آباژور",15500,78,1700,"digikala.com,emalls.ir,luster.ir,chidel.com,shabakhe.com,decorlight.ir,lightiran.com,novinlight.ir,modernluster.ir,lustercity.ir","transactional","stable",1.35,1400,"style_guides,lighting_tips,shopping_ads"
"بهترین مرکز فیزیوتراپی در تهران",10000,65,2100,"drfirouzi.com,physicaltherapyiran.com,physiotherapycenter.ir,physiotherapytehran.com,physicaltherapy-clinic.ir,iranphysiotherapy.com,drkazemi.ir,iranrehab.ir,physiorehab.ir,physio.ir","transactional","stable",1.20,1700,"local_pack,service_packages,therapist_profiles"
"قیمت و خرید آنلاین بلیط کنسرت",16500,80,2000,"iranconcert.com,tik8.com,gishtaa.com,tiwall.com,navayemehr.com,concertmag.com,persianconcert.com,tehranconcert.com,ghasedak24.com,ghoghnous.ir","transactional","seasonal",1.28,1500,"event_calendar,seat_selection,ticket_alerts"
"بهترین جراح فک و صورت در تهران",8500,70,2300,"jarahanzibaei.com,dr-ansari.com,drhodaei.com,drjalilian.com,maxillofacialsurgeon.ir,beautyiran.com,tehranplasticsurgery.com,iranhealthcare.com,medicaltourismiran.com,iranmedtour.com","transactional","stable",1.25,2000,"before_after_photos,surgeon_profiles,consultation_booking"
"قیمت و خرید آنلاین لوازم هنری",18000,82,1900,"digikala.com,emalls.ir,negarinshop.com,honarland.com,artshopiran.com,artkala.com,honari.com,arttools.ir,artiran.ir,colorart.ir","transactional","stable",1.22,1600,"product_guide,art_supplies_list,shopping_ads"
"بهترین مرکز اپیلاسیون در تهران",9500,68,1800,"nilooepilasyon.com,marmarepilasyon.com,epilationtehran.com,waxcenteriran.com,royalepilation.com,epilation-clinic.ir,persianepilation.com,leilaspa.ir,epilationcity.ir,sepidepile.com","transactional","stable",1.20,1700,"local_pack,service_packages,hygiene_standards"
"قیمت و خرید انواع پرده تصویری",15500,78,1700,"digikala.com,emalls.ir,pardehsarayemodern.ir,pardehsara.ir,تصویری پرده.com,parsa-pardeh.com,pardeh-afra.ir,novin-parde.com,pardeh-roz.ir,artapardeh.com","transactional","stable",1.35,1400,"style_guides,image_upload,room_decor_ideas"
"بهترین کلاس های یوگا در تهران",10000,65,2100,"yogastudio.ir,yogatehran.com,yogahome.ir,yogakindness.com,yogalife.ir,suryayogacenter.com,shivayogacenter.com,yogaacademy.ir,yogatime.ir,lotusyoga.ir","transactional","stable",1.20,1700,"local_pack,class_schedules,instructor_profiles"
"قیمت و خرید آنلاین لوازم جشن تولد",16500,80,2000,"digikala.com,emalls.ir,tavalodikala.com,birthdaykala.com,happybirthday.ir,jashnara.com,temtavalod.com,decorationbirth.ir,tavalodishop.ir,baloncity.ir","transactional","holiday_peak",1.28,1500,"party_themes,decoration_ideas,shopping_ads"
"بهترین جراح ترمیمی بینی در تهران",8500,70,2300,"jarahanzibaei.com,dr-ansari.com,drhodaei.com,drjalilian.com,revisionrhinoplasty.ir,beautyiran.com,tehranplasticsurgery.com,iranhealthcare.com,medicaltourismiran.com,iranmedtour.com","transactional","stable",1.25,2000,"before_after_photos,surgeon_profiles,consultation_booking"
"قیمت و خرید آنلاین لوازم آرایشی گیاهی",18000,82,1900,"digikala.com,emalls.ir,rojashop.com,mymall.ir,khanoumi.com,modemix.ir,safirstores.com,zarsima.ir,makeupkala.com,apadanashop.ir","transactional","stable",1.22,1600,"organic_ingredients,cruelty_free,shopping_ads"
"بهترین آموزشگاه نقاشی در تهران",9500,68,1800,"roozrang.com,naghashi-tehran.ir,persianart.ir,artacademyiran.com,naghashimaster.com,ghalamrang.ir,naghashimode.com,honarema.ir,naghashitehran.com,artcenteriran.ir","transactional","stable",1.20,1700,"local_pack,course_outlines,teacher_profiles"
"قیمت و خرید انواع کاغذ دیواری",15500,78,1700,"digikala.com,emalls.ir,kaghazdivari.ir,wallcovering.ir,parsvallpaper.com,novinvallpaper.com,decorpapyrus.com,homedecorwall.com,paperdecor.ir,luxurywallpaper.ir","transactional","stable",1.35,1400,"style_guides,installation_guide,room_decor_ideas"
"بهترین کلاس های پیلاتس در تهران",10000,65,2100,"pilatesstudio.ir,pilatescentertehran.com,pilateshome.ir,iranpilates.com,pilatesacademyiran.com,pilatesfit.ir,pilateshealth.ir,iranpilatesclub.com,pilatescity.ir,pilatesperfect.ir","transactional","stable",1.20,1700,"local_pack,class_schedules,instructor_profiles"
"قیمت و خرید آنلاین قهوه و نسکافه",16500,80,2000,"digikala.com,emalls.ir,nescafe.ir,coffeeonline.ir,coffeemart.ir,coffeeshopiran.com,قهوه تلخ.com,nescafenet.com,ghahveonline.com,coffeelove.ir","transactional","stable",1.28,1500,"coffee_types,brewing_guide,shopping_ads"
"بهترین جراح لیفت صورت در تهران",8500,70,2300,"jarahanzibaei.com,dr-ansari.com,drhodaei.com,drjalilian.com,faceliftiran.ir,beautyiran.com,tehranplasticsurgery.com,iranhealthcare.com,medicaltourismiran.com,iranmedtour.com","transactional","stable",1.25,2000,"before_after_photos,surgeon_profiles,consultation_booking"
"قیمت و خرید آنلاین لوازم خانگی برقی",18000,82,1900,"digikala.com,emalls.ir,khanegiplus.com,homekala.ir,elakalat.com,khanegionline.ir,luxkala.com,modernkhanoom.com,persianhome.ir,gadgetkhane.ir","transactional","stable",1.22,1600,"energy_efficiency,product_reviews,shopping_ads"
"بهترین آموزشگاه طراحی لباس در تهران",9500,68,1800,"honarfarsi.com,modacademy.ir,iranmod.com,fashionstyle.ir,lebasmode.com,modafashioniran.ir,styletehran.com,persianstyleacademy.com,mezonmoda.ir,designdress.ir","transactional","stable",1.20,1700,"local_pack,course_outlines,teacher_profiles"
"قیمت و خرید انواع کاغذ کادو",15500,78,1700,"digikala.com,emalls.ir,kaghazkadoo.com,giftpaper.ir,wrappingpaperiran.com,giftkala.com,paperland.ir,kadocity.ir,giftplus.ir,wrappingart.ir","transactional","holiday_peak",1.35,1400,"gift_wrapping_ideas,design_options,bulk_discounts"
"بهترین کلاس های آموزش موسیقی کودکان در تهران",8000,60,1900,"childmusicschool.ir,musicforkids.ir,littlemusician.ir,musiclandkids.com,musicacademyforkids.ir,childrenmusictehran.com,babyandmusic.ir,kidmusiciran.com,musicschoolchild.ir,tinymusician.ir","transactional","stable",1.15,1500,"local_pack,class_schedules,instructor_profiles"
"قیمت و خرید آنلاین کنسروجات و ترشیجات",14000,75,1600,"digikala.com,emalls.ir,konserviran.com,torshi.ir,tershiandkonserv.ir,cannedfood.ir,persiankonserv.com,torshihome.ir,homemadekonserv.com,foodbasketiran.ir","transactional","stable",1.30,1200,"product_guide,health_benefits,shopping_ads"
"بهترین جراح بلفاروپلاستی در تهران",9000,68,2100,"doctorsofiran.com,pezeshkekhoob.com,doctop.ir,midoctor.ir,medicaltourismiran.com,iranhealthcare.com,doctoryab.ir,clinicdarman.com,nobat.ir,vismed.ir","transactional","stable",1.20,1800,"local_pack,surgeon_profiles,before_after_photos"
"قیمت و خرید آنلاین انواع رومیزی",17000,80,1900,"digikala.com,emalls.ir,roomizi.com,tablecloth.ir,persiantablecloth.com,homefabriciran.ir,decorroom.ir,tableart.ir,tablesetup.ir,tableshow.ir","transactional","stable",1.25,1400,"style_guide,size_chart,shopping_ads"
"بهترین مرکز ماساژ در تهران",11000,72,2300,"massagecenteriran.com,masaztehran.com,relaxmassage.ir,spatehran.com,iranmassage.ir,medicalmasage.ir,persianmassagecenter.com,beautymassage.ir,massagelux.ir,massagetime.ir","transactional","stable",1.22,1900,"local_pack,service_packages,pricing_info"
"قیمت و خرید آنلاین سرویس خواب",19000,82,2000,"digikala.com,emalls.ir,servisekhab.com,bedsetiran.ir,homesleep.ir,sleepdecor.ir,persianbedset.com,luxurysleep.ir,sleepingtime.ir,bedroomset.ir","transactional","stable",1.20,1700,"style_guides,size_chart,shopping_ads"
"بهترین آموزشگاه گیتار در تهران",9500,68,1800,"guitaracademy.ir,tehranguitar.com,persianguitar.ir,musicschoolguitartehran.ir,learnguitariran.com,guitarmaster.ir,classicalguitariran.ir,guitarteacher.ir,iranguitarmusic.com,easylearnguitar.ir","transactional","stable",1.18,1600,"local_pack,course_outlines,guitar_rentals"
"قیمت و خرید انواع آبنما",15500,78,1700,"digikala.com,emalls.ir,abnama.com,fountainiran.ir,outdoorfountain.ir,homefountain.ir,persianfountain.com,gardenfountain.ir,waterfeatureiran.ir,waterfountaintehran.ir","transactional","stable",1.35,1300,"style_guides,installation_guide,shopping_ads"
"بهترین مربی خصوصی بدنسازی در تهران",10000,65,2100,"bodybuildingtrainer.ir,personaltraineriran.com,fitnesscoachtehhran.ir,bodyfitnesstrainer.ir,personalcoaching.ir,iraniantrainer.com,fitness4iran.com,trainerme.ir,fitnesscity.ir,gymtrainer.ir","transactional","new_year_peak",1.25,1800,"local_pack,trainer_profiles,training_packages"
"قیمت و خرید آنلاین محصولات پاییزی",16500,80,2000,"digikala.com,emalls.ir,paeezshop.com,autumnstyle.ir,fallfashioniran.com,پاییزی کالا.com,persianfallfashion.com,autumndecoriran.ir,fallshoppingiran.ir,paeizseason.ir","transactional","autumn_peak",1.28,1500,"style_guides,season_offers,shopping_ads"
"بهترین دکتر برای تزریق بوتاکس در تهران",8500,70,2300,"doctorsofiran.com,pezeshkekhoob.com,doctop.ir,midoctor.ir,medicaltourismiran.com,iranhealthcare.com,doctoryab.ir,clinicdarman.com,nobat.ir,vismed.ir","transactional","stable",1.22,2000,"local_pack,doctor_profiles,pricing_info"
"قیمت و خرید آنلاین لوازم آتش بازی",18000,82,1900,"digikala.com,emalls.ir,fireworkiran.com,fireworkshoptehran.ir,firecracking.ir,celebrationfireworks.ir,iranpyro.com,pyromania.ir,firepartystore.ir,fireshowiran.ir","transactional","holiday_peak",1.20,1600,"safety_guide,event_planning,shopping_ads"
"بهترین آموزشگاه طراحی وب سایت در تهران",9500,68,1800,"websitedesignacademy.ir,webdesigncenteriran.com,webschooliran.ir,learnwebiran.ir,websitedesignertehran.ir,persianwebdesign.com,irandesignweb.ir,websitecoder.ir,codewebiran.ir,easydesignweb.ir","transactional","stable",1.18,1700,"local_pack,course_outlines,student_portfolios"
"قیمت و خرید انواع ظروف مسی",15500,78,1700,"digikala.com,emalls.ir,copperwareiran.com,messhopiran.ir,persiancopperart.com,copperart.ir,messgallery.ir,iranicopper.com,messmarket.ir,copperdeco.ir","transactional","stable",1.35,1300,"care_guide,cooking_tips,shopping_ads"
"بهترین کلاس های آموزش زبان انگلیسی برای کودکان",10000,65,2100,"english4kidsiran.ir,childenglishcenter.com,englishforkidstehran.ir,littleenglishschool.ir,babyenglishclass.com,englishtotsiran.ir,kidlanguage.ir,learnenglishwithfun.ir,englishwithsongs.ir,easykidenglish.ir","transactional","stable",1.25,1800,"local_pack,class_schedules,instructor_profiles"
"قیمت و خرید آنلاین انواع گلیم فرش",16500,80,2000,"digikala.com,emalls.ir,gelimiran.com,carpetiran.com,persiankilim.com,kilimmarket.ir,orientalkilim.ir,homedecorkilim.ir,vintagekilim.ir,kilimstyle.ir","transactional","stable",1.28,1500,"style_guides,rug_care,shopping_ads"
"بهترین مرکز لیزر پوست در تهران",8500,70,2300,"lasertherapyiran.com,skincarelasercenter.ir,persiandermallaser.com,skinlasercentertehran.ir,iranskincarelaser.com,medicalskinlaser.ir,skinandlaser.ir,persianlaserclinic.ir,beautytechlaser.ir,cliniclaseriran.ir","transactional","stable",1.22,2000,"local_pack,service_packages,pricing_info"
"قیمت و خرید آنلاین میز تلویزیون",18000,82,1900,"digikala.com,emalls.ir,miztviran.com,tvstand.ir,persiantvstand.com,homedecortv.ir,tvstandstyle.ir,moderntvstand.ir,tvtableiran.ir,decortv.ir","transactional","stable",1.20,1600,"style_guides,size_chart,shopping_ads"
"بهترین آموزشگاه بازاریابی دیجیتال در تهران",9500,68,1800,"digitalmarketingacademyiran.ir,dmcentertehran.com,digitalmarketingschooliran.ir,learnmarketingdigital.ir,digitalmarketingexpert.ir,persianmarketingonline.com,irandigitalmarket.ir,webschoolmarketing.ir,codemarketingiran.ir,persiandmclass.ir","transactional","stable",1.18,1700,"local_pack,course_outlines,student_portfolios"
"قیمت و خرید انواع کلاه گیس",15500,78,1700,"digikala.com,emalls.ir,kolahgisiran.com,wigshoptehran.ir,iranwigs.com,perukewigs.ir,hairpieceiran.com,beautywigs.ir,persianwigstyle.com,wigfashiontehran.ir","transactional","stable",1.35,1300,"style_guide,hair_care_tips,shopping_ads"
"بهترین کلاس های آشپزی در تهران",10000,65,2100,"cookingclassiran.ir,cookingcentertehran.com,cookschooliran.ir,learncookingonline.ir,persiancookingclass.com,iraniancooking.ir,culinaryschooltehran.ir,cookingexperience.ir,foodlovercooking.ir,chefhomemade.ir","transactional","stable",1.25,1800,"local_pack,course_schedules,chef_profiles"
"قیمت و خرید آنلاین پکیج شوفاژ دیواری",16500,80,2000,"digikala.com,emalls.ir,pakageiran.com,pakageshoptehran.ir,homepakage.ir,heaterpakage.ir,persianwarm.com,warmhouse.ir,pakagemarket.ir,heatpakageiran.ir","transactional","winter_peak",1.28,1500,"installation_guide,energy_efficiency,shopping_ads"
"بهترین متخصص زنان و زایمان در تهران",8500,70,2300,"doctorsofiran.com,pezeshkekhoob.com,doctop.ir,midoctor.ir,medicaltourismiran.com,iranhealthcare.com,doctoryab.ir,clinicdarman.com,nobat.ir,vismed.ir","transactional","stable",1.22,2000,"local_pack,doctor_profiles,specialization_info"
"قیمت و خرید آنلاین ساعت هوشمند",18000,82,1900,"digikala.com,emalls.ir,smartwatchiran.com,watchshoptehran.ir,iran smart watch.com,wearabletechnology.ir,techtime.ir,smartlifeiran.com,persiansmartwatchstyle.com,smartweariran.ir","transactional","stable",1.20,1600,"product_comparison,specs_guide,shopping_ads"
"بهترین آموزشگاه بورس در تهران",9500,68,1800,"bourseacademyiran.ir,stockmarketcentertehran.com,bourseschooliran.ir,learntradingiran.ir,bourseexpert.ir,persian stock.ir,iranstockmarket.ir,boursedanesh.ir,codetradingiran.ir,persianbourseclass.ir","transactional","stable",1.18,1700,"local_pack,course_outlines,student_testimonials"
"قیمت و خرید انواع حوله حمام",15500,78,1700,"digikala.com,emalls.ir,hoolehiran.com,towelshoptehran.ir,iranbath.com,textilehousehold.ir,hometowel.ir,persian towel.com,luxurytoweliran.ir,bathlinens.ir","transactional","stable",1.35,1300,"care_guide,absorbency_tips,shopping_ads"
"بهترین کلاس های رقص در تهران",10000,65,2100,"danceclassiran.ir,dancecentertehran.com,dancechooliran.ir,learndanceonline.ir,persiandanceacademy.com,iraniandancing.ir,dancescho
keyword,monthly_volume,difficulty,cpc,top_10_competitors,intent,seasonality,trend,avg_word_count,serp_features
"قیمت و خرید آنلاین غذای خشک سگ",20000,80,2200,"digikala.com,emalls.ir,petshopiran.com,dogfoodtehran.ir,iranpetfood.com,dryfoodforpet.ir,animalfeediran.ir,petshoponlineiran.com,dogfoodstyle.ir,persianpetfoodshop.ir","transactional","stable",1.25,1500,"shopping_ads,ingredient_list,breed_guide"
"بهترین مرکز گفتار درمانی در تهران",8000,62,1900,"speechtherapyiran.ir,speechcentertehran.com,speechschooliran.ir,learnspeechonline.ir,persianspeechtherapy.com,iranianspeechclinic.ir,speechtherapisttehran.ir,speechcenterkid.ir,kidspeechclinic.ir,easycommunications.ir","transactional","stable",1.15,1600,"local_pack,therapist_profiles,consultation_booking"
"قیمت و خرید انواع گیاه آپارتمانی",16000,78,1900,"digikala.com,emalls.ir,plantiran.com,indoorplantstehran.ir,persianplants.com,plantdecor.ir,indoorplanting.ir,greenhouseiran.ir,planthome.ir,easyplantsiran.ir","transactional","stable",1.30,1400,"care_guide,decoration_ideas,shopping_ads"
"بهترین کلاس های نقاشی کودک در تهران",9000,60,1700,"kidsartclassiran.ir,artcenterkidstehran.com,artschoolchildreniran.ir,learnartkidsonline.ir,persiankidsart.com,iraniankidsartschool.ir,artforkidstehran.ir,kidsarttherapy.ir,easypaintkids.ir,drawingclasschildren.ir","transactional","stable",1.10,1500,"local_pack,class_schedules,teacher_profiles"
"قیمت و خرید آنلاین قهوه ساز اسپرسو",17000,82,2100,"digikala.com,emalls.ir,coffemakeriran.com,espressomachinetehran.ir,iraniancoffeemachine.com,espressomakerstyle.ir,coffeegearsiran.ir,coffeemachineshop.ir,persiancoffeemasters.ir,espressogearshop.ir","transactional","stable",1.28,1600,"product_comparison,brewing_guide,shopping_ads"
"بهترین دکتر اورولوژی در تهران",8500,65,2000,"doctorsofiran.com,pezeshkekhoob.com,doctop.ir,midoctor.ir,medicaltourismiran.com,iranhealthcare.com,doctoryab.ir,clinicdarman.com,nobat.ir,vismed.ir","transactional","stable",1.20,1800,"local_pack,doctor_profiles,specialization_info"
"قیمت و خرید آنلاین لوازم نگهداری از حیوانات خانگی",19000,78,2000,"digikala.com,emalls.ir,pethouseiran.com,petcaretehran.ir,iranpetcare.com,petcarestyle.ir,animalcareiran.ir,petshopcare.ir,persianpetcarecenter.ir,easy petcare iran.ir","transactional","stable",1.35,1400,"product_guide,grooming_tips,shopping_ads"
"بهترین آموزشگاه خیاطی در تهران",9500,68,1900,"sewingschooliran.ir,sewingcentertehran.com,sewingacademyiran.ir,learnsewingonline.ir,persiansewingstyle.com,iraniandesignsewing.ir,sewingtechtehran.ir,sewingclasstehran.ir,easylearnsewing.ir,tailoringsewingiran.ir","transactional","stable",1.18,1700,"local_pack,course_outlines,student_portfolios"
"قیمت و خرید آنلاین سرویس غذاخوری",15500,80,1900,"digikala.com,emalls.ir,diningsetiran.com,dishes tehran.ir,persiandiningware.com,diningsetdecor.ir,dinnerwareshopping.ir,tabledecoriran.ir,easydiningsetiran.ir,servingwareiran.ir","transactional","stable",1.25,1500,"style_guide,table setting tips,shopping_ads"
"بهترین مهد کودک دو زبانه در تهران",11000,72,2200,"bilingualkindergarteniran.ir,kidscarecentertehran.com,early childhood center iran.ir,learnlanguagekidsonline.ir,persianlanguagekindergarten.com,iraniantoddlerdaycare.ir,bilingualcarecentertehran.ir,kidscaretwo language.ir,babylanguagetraining.ir,easybilinguallearning.ir","transactional","stable",1.22,1900,"local_pack,teacher_profiles,enrollment_info"
"قیمت و خرید آنلاین تشک خوشخواب",21000,85,2400,"digikala.com,emalls.ir,mattress iran.com, bedshoptehran.ir,persianmattress style.com, sleepcomfortiran.ir,homecomfortshop.ir,mattress shoponlineiran.ir,sleepwarehouseiran.ir,easy sleepstyle.ir","transactional","stable",1.30,1600,"shopping_ads,comfort_guide,size_chart"
"بهترین متخصص جراحی لثه در تهران",8200,66,1950,"doctorsofiran.com,pezeshkekhoob.com,doctop.ir,midoctor.ir,medicaltourismiran.com,iranhealthcare.com,doctoryab.ir,clinicdarman.com,nobat.ir,vismed.ir","transactional","stable",1.18,1750,"local_pack,doctor_profiles,specialization_info"
"قیمت و خرید آنلاین کنسول بازی",16800,81,2100,"digikala.com,emalls.ir,gameconsoleiran.com,gamingshoptehran.ir,iran gameconsole style.com,consolesetupiran.ir,gameconsoleonline.ir,game geariran.ir,persiangamers.ir,console shoponlineiran.ir","transactional","stable",1.27,1550,"product_comparison,specs_guide,shopping_ads"
"بهترین آموزشگاه حسابداری در تهران",9300,69,1850,"accounting schooliran.ir,accountingschooltehran.com,accountingschooliran.ir,learnaccountinghouseonline.ir,persian accounting.com,iranian accountinginstitute.ir,accountingexperttehran.ir,accounting classtehran.ir,easyaccountinglearning.ir,tax accountingcenter.ir","transactional","stable",1.19,1700,"local_pack,course_outlines,certificate_info"
"قیمت و خرید آنلاین لوازم ورزشی خانگی",18500,79,2150,"digikala.com,emalls.ir,sportshomeiran.com,gymequip tehran.ir,home workoutiran.com,homefitnessstyle.ir,sportstraininglearn.ir,homegymshop.ir,persianfitnessexpert.ir,easyworkoutathome.ir","transactional","stable",1.29,1450,"equipment_guide,workout_tips,shopping_ads"
"بهترین دکتر درمان ناباروری در تهران",8700,64,1980,"doctorsofiran.com,pezeshkekhoob.com,doctop.ir,midoctor.ir,medicaltourismiran.com,iranhealthcare.com,doctoryab.ir,clinicdarman.com,nobat.ir,vismed.ir","transactional","stable",1.17,1820,"local_pack,doctor_profiles,specialization_info"
"قیمت و خرید آنلاین انواع پتو",17200,83,2050,"digikala.com,emalls.ir,blanketshopiran.com,bedlinens tehran.ir,warm blankethome.com, homecomfort sleep.ir,warmcoveriran.ir,blanketshoppingonline.ir,homesleepwareiran.ir,easyblanket comfort.ir","transactional","winter_peak",1.26,1650,"care_guide,style_guide,shopping_ads"
"بهترین کارگاه طلاسازی در تهران",9100,67,1870,"goldsmithing workshopiran.ir,goldmakingcentertehran.com,jewellerymakingiran.ir,learn goldsmithingonline.ir,persiangold design.com,iranian jewelers.ir,goldsmithingexperts.ir,goldmakingclasses.ir,easygoldcrafting.ir,metalcraftcenter iran.ir","transactional","stable",1.21,1780,"local_pack,workshop_details,certification"
"قیمت و خرید آنلاین غذای گربه",19500,81,2300,"digikala.com,emalls.ir,catfoodiran.com,cateatshoptehran.ir,irancatfood.com,kittenfoodlover.ir,animalbite food iran.ir,catfoodshop online.ir,persiancateat center.ir, easycatfood selection.ir","transactional","stable",1.29,1400,"brand_comparison,ingredient_guide,shopping_ads"
"بهترین دکتر جراح زیبایی زنان در تهران",8900,63,1920,"doctorsofiran.com,pezeshkekhoob.com,doctop.ir,midoctor.ir,medicaltourismiran.com,iranhealthcare.com,doctoryab.ir,clinicdarman.com,nobat.ir,vismed.ir","transactional","stable",1.19,1850,"local_pack,doctor_profiles,specialization_info"
"قیمت و خرید آنلاین لوازم جانبی موبایل",20500,84,2500,"digikala.com,emalls.ir,mobileaccessories iran.com, phonede cor shoptehran.ir,iranmobilegearstyle.com,accessory expertiran.ir,techgeariran.ir,phonetraining accessoriesshop.ir,persian techaddicts.ir, mobileaccessoriesselection.ir","transactional","stable",1.32,1580,"style_guide,devicecompatibility_guide,shopping_ads"
"بهترین کلاس آموزش خوشنویسی در تهران",9200,70,1900,"calligraphy schooliran.ir,calligraphy classtehran.com,persiancalligraphyacademy.ir,learnletteringonline.ir,designwith letterspersian.com,iranianlettering artists.ir,calligraphy experttraining.ir,handwritingclassesiran.ir,easybeautifullettering.ir,creativeletterartcenter iran.ir","transactional","stable",1.23,1760,"local_pack,course_details,certification"
"قیمت و خرید آنلاین بازی فکری",17500,79,2200,"digikala.com,emalls.ir,mindgameiran.com,brainteaser shoptehran.ir,irantest skillonline.com,game skilltrainingiran.ir,braingearshopiran.ir,skillmaster mindtrainingonline.ir,persian thinking challenge.ir,easybrain fun selection.ir","transactional","stable",1.27,1420,"age_range_guide,educational_benefits,shopping_ads"
"بهترین روانشناس کودک در تهران",8600,67,2100,"doctorsofiran.com,pezeshkekhoob.com,doctop.ir,midoctor.ir,medicaltourismiran.com,iranhealthcare.com,doctoryab.ir,psychologistchildrentehran.com,iranian child psychology.ir,childcare counselor iran.ir","transactional","stable",1.21,1800,"local_pack,therapist_profiles,specialization_info"
"قیمت و خرید آنلاین لباس زیر زنانه",21500,86,2600,"digikala.com,emalls.ir,underwear shopiran.com,lingerie style tehran.ir,persian lingerie selectiononline.com,fashionlingerieexpertiran.ir,intimatesare irandresses.ir,lingerietraining shopping iran.ir,sexy innerwear forheriran.ir,easyunderside style forthemind .ir","transactional","stable",1.34,1600,"size_guide,style_guide,shopping_ads"
"بهترین آموزشگاه طراحی گرافیک در تهران",9400,71,2000,"graphicdesignschooliran.ir,graphicdesign centerthehran.com,persian graphicacademy .ir,learngraphicdesign onlinefree.ir,creativestyle designerpersian.com,iranian designingartistsart .ir,graphicdesignexperttraining style.ir,designclassesiranstyleart.ir,easy designbeautystyle .ir,art designgraphicdesigners Iranianstyle artdesing.ir","transactional","stable",1.24,1740,"local_pack,course_details,student_portfolio"
"قیمت و خرید آنلاین دوربین عکاسی",18000,80,2300,"digikala.com,emalls.ir,camerashopiran.com,digital camerashotter tehran.ir,persian camerageartoday.com,photographyexpertiran clickart.ir,techworldcamerairan snap.ir,shutter clickphotographyshop onlinepersianstyleiranphoto .ir,visual capturingmasterphotos persiapic .ir","transactional","stable",1.30,1450,"brand_guide,specs guide,shopping adsclickart"
"بهترین دکتر تغذیه برای ورزشکاران در تهران",8800,68,2200,"doctorsofiran.com,pezeshkekhoob.com,doctop.ir,midoctor.ir,medicaltourismiran.com,iranhealthcare.com,doctoryab.ir,athletenutritioniststyletehran.com,persianathleticdietcenterpersiatrain.ir,easyweightgain sportpersonadvice.ir","transactional","stable",1.22,1820,"local_pack,doctor_profiles,specialization_info"
"قیمت و خرید آنلاین عینک آفتابی",22000,87,2700,"digikala.com,emalls.ir,sunglassstyleiran.com,eyewear shoptehran trendy.ir,persiantrendy eyeglasses selectionstylish.com,fashionspecsstylish eyewear expertonlineirantrainstylishstyleart.ir,glamstyleeyewearchoice styleiconic iranlook glassesclickstyle .ir","transactional","stable",1.35,1620,"style_guide,lens protection info,shopping adsiconic"
"بهترین مرکز لیزر موهای زائد مردانه در تهران",9600,72,2100,"malelaserhair clinicpersian.ir,hair freetrendyboyztehranstyle centeronline .com,persiansmoothskin gentlemens selection stylishstyle iranfreehairs.ir,fashionlaser hair expertforhimstyle onlineiranfashioncenter hairlicenselessfashions.ir","transactional","stable",1.25,1700,"local_pack,service_descriptions pricingforhim",
keyword,monthly_volume,difficulty,cpc,top_10_competitors,intent,seasonality,trend,avg_word_count,serp_features
"بهترین دکتر تغذیه ورزشکار تهران",8800,68,2200,"drsite.com,pezeshk.com,doctop.ir,midoctor.ir,mto.com,iranhealth.com,dyab.ir,athlete site.com,persiatrain.ir,trainadvice.ir","transactional","stable",1.22,1820,"local_pack,doc_profiles,specialization"
"قیمت خرید عینک آفتابی",22000,87,2700,"digikala.com,emalls.ir,sunglassiran.com,eyeweartehran.ir,persianeyes.com,eyeweariran.ir,glamstyle.ir,trendlook.com,eyeshopiran.ir","transactional","stable",1.35,1620,"style_guide,lensinfo,shop_ads"
"لیزر مو مردانه تهران",9600,72,2100,"laserclinic.ir,hairfree.com,smoothskin.ir,fashionlaser.ir,persianlaser.ir,iranlaser.com,laser expert.ir","transactional","stable",1.25,1700,"local_pack,services,pricing"
"لوازم تحریر اداری قیمت",16200,81,1950,"digikala.com,emalls.ir,stationeryiran.com,officestyle.ir,papershop.ir,officegear.ir,deskart.com","transactional","stable",1.30,1500,"product_guide,bulk_price,shopping"
"بهترین کلاس زبان آنلاین",12000,75,2000,"zabanshenas.com,goethe.de,ili.ir,onlinelang.com,learnonline.ir,englishclass.com","transactional","stable",1.20,2200,"local_pack,reviews,courseinfo"
"طراحی سایت ارزان",9000,60,1500,"virgool.io,mizfa.net,parsclick.net,websima.com,sitecup.ir","transactional","stable",1.10,2500,"site_links,pricing,cases"
"خرید لپ تاپ گیمینگ",15000,75,2300,"digikala.com,emalls.ir,lioncomputer.ir,laptopcity.ir","transactional","stable",1.25,1500,"shopads,specs,productcomp"
"آموزش سئو مبتدی",8000,55,1200,"faradars.org,seomoz.org,ahrefs.com,backlinko.com","informational","stable",1.05,4000,"featured,peopleask,toc"
"قیمت خودرو داخلی",20000,80,1000,"bama.ir,khodrobank.com,irankhodro.ir,saipacorp.com","informational","stable",1.10,1800,"pricechart,newlist"
"هتل ارزان مشهد",14000,72,1700,"booking.com,alibaba.ir,otaghak.com,jabama.com","transactional","religiouspeak",1.30,2000,"hotelbooking,map,reviews"
"بلیط هواپیما لحظه آخری",18000,77,2200,"alibaba.ir,ghasrtalaei.com,safarme.com,mrbilit.com","transactional","holidaypeak",1.40,1300,"flightwidget,pricealerts,lastmin"
"آموزش فتوشاپ لوگو",10000,62,1600,"faradars.org,photoshopchannel.com,aparat.com","informational","stable",1.00,3500,"videocarousel,templates,guides"
"وکیل خانواده تهران",7000,55,2800,"wikivakil.org,dadgaran.com,adliran.ir,hoghogonline.com","transactional","stable",1.15,900,"localpack,contact,lawyerprofile"
"تعمیر آیفون تهران",9000,58,1900,"aparat.com,tamirmobile.ir,mobilekomak.com","transactional","stable",1.10,1200,"localservice,price,supportlinks"
"لباس مجلسی زنانه آنلاین",19000,82,900,"digikala.com,modiseh.com,bamilo.com,shein.com","transactional","seasonal",1.20,1600,"shopping,sizechart,occasion"
"کافه تولد تهران",8000,68,1200,"zomato.com,chilivery.com,reyhoon.com,snappfood.ir","informational","weekendpeak",0.90,2300,"localpack,menu,partypack"
"نرخ دلار امروز",28000,85,800,"tgju.org,mesghal.com,iranjib.ir,bonbast.com","informational","volatile",1.50,600,"currencyconvert,livecharts,news"
"دانلود فیلم جدید",26000,88,500,"aparat.com,namasha.com,filimo.com","transactional","weekendpeak",1.20,800,"videoresult,download,trailer"
"غذاهای ایرانی خوشمزه",15000,63,1400,"aparat.com,cheftayebeh.com,food.com,persianmama.com","informational","dinnerpeak",1.00,3000,"recipecard,cookingtips,nutinfo"
"کتاب کمک درسی کنکور",11000,59,1100,"digikala.com,adinehbook.com,30book.com","transactional","backtoschool",1.10,1400,"bookpreview,examprep,guide"
"جراح بینی تهران",9500,71,2600,"jarahanzibaei.com,dr-ansari.com,drhodaei.com","transactional","stable",1.15,2100,"beforeafter,surgeon,consult"
"فرش ماشینی قیمت",16500,78,1800,"digikala.com,emalls.ir,farshonline.com,carpetiran.com","transactional","stable",1.30,1500,"shoppingads,imagepack,productcomp"
"دکتر پوست تهران",13000,75,2500,"drfakhar.ir,drhodaei.com,drjalilian.com","transactional","stable",1.12,2000,"localpack,doctorprofiles,appbook"
"مبل راحتی قیمت",14000,70,1600,"digikala.com,emalls.ir,mobleman.ir,iranimod.com","transactional","stable",1.25,1700,"shoppingads,productvariant,styleguide"
"شیرآلات بهداشتی",11000,65,1400,"digikala.com,emalls.ir,baharanshop.ir","transactional","stable",1.18,1300,"productcomp,shopping,installguide"
"تلویزیون ال ای دی",12500,72,1900,"digikala.com,emalls.ir,lioncomputer.ir,mobile.ir","transactional","stable",1.20,1600,"productreviews,sizeoptions,pricecomp"
"لوازم خانگی اقساطی",15500,78,1700,"digikala.com,emalls.ir,shahrekala.com","transactional","stable",1.35,1400,"installplan,financing,productbundle"
"وکیل ملکی تهران",8500,60,2400,"wikivakil.org,dadgaran.com,adliran.ir,hoghogonline.com","transactional","stable",1.15,1000,"localpack,clientreview,contactform"
"ساعت مچی مردانه آنلاین",17000,75,2000,"digikala.com,emalls.ir,watchonline.ir,tiktaak.com","transactional","stable",1.30,1500,"shoppingads,styleguides,brandcomp"
"کولر گازی اسپلیت",13500,70,1500,"digikala.com,emalls.ir,tasisat.com","transactional","summerpeak",1.40,1200,"pricecomp,energy,installserv"
"کفش ورزشی مردانه",19500,80,1800,"digikala.com,emalls.ir,sportonlineshop.com","transactional","stable",1.25,1600,"shoppingads,sizecharts,styleguides"
"متخصص تغذیه تهران",10000,65,2200,"drsite.com,pezeshk.com,doctop.ir,midoctor.ir","transactional","newyearpeak",1.20,1800,"localpack,docprofiles,appbook"
"لپ تاپ استوک قیمت",12000,72,2100,"digikala.com,emalls.ir,stocklaptop.ir","transactional","stable",1.30,1400,"productcomp,warranty,pricerange"
"لوازم آرایشی بهداشتی",21000,85,1900,"digikala.com,emalls.ir,rojashop.com","transactional","stable",1.28,1700,"shoppingads,productreviews,skintype"
"کلینیک پوست تهران",11500,70,2400,"drfakhar.ir,drhodaei.com,drjalilian.com","transactional","stable",1.25,1900,"localpack,servicepack,beforeafter"
"گوشی موبایل شیائومی",23000,82,2000,"digikala.com,mobile.ir,toranji.ir,zoomit.ir","transactional","stable",1.22,1600,"productcomp,specscomp,dealalerts"
"آموزشگاه زبان آلمانی",9500,65,1800,"zabanshenas.com,goethe.de,persian-language.com","transactional","stable",1.20,1700,"localpack,courseoutline,studentreviews"
"لاستیک خودرو قیمت",14500,75,1600,"digikala.com,emalls.ir,aparat.com","transactional","seasonal",1.30,1300,"pricecomp,tireguide,install"
"رستوران ایتالیایی تهران",8000,68,1900,"zomato.com,chilivery.com,reyhoon.com","informational","weekendpeak",1.00,2200,"localpack,menu,reservelink"
"روغن موتور خودرو",11000,62,1400,"digikala.com,emalls.ir,roghantuning.com","transactional","stable",1.20,1100,"productcomp,viscosity,oilchange"

