"تعمیر موبایل سامسونگ تهران","تعمیر صفحه نمایش سامسونگ",6800,0.93,1.21
"تعمیر موبایل سامسونگ تهران","تعمیرات سامسونگ مرکز تهران",5200,0.95,1.28
"تعمیر موبایل سامسونگ تهران","هزینه تعمیر گوشی سامسونگ",6100,0.91,1.18
"تعمیر موبایل سامسونگ تهران","تعمیر باتری سامسونگ",4500,0.88,1.12

"خرید آنلاین لباس زنانه تابستانه","لباس تابستانی زنانه شیک",7800,0.94,1.32
"خرید آنلاین لباس زنانه تابستانه","خرید لباس زنانه ارزان",9200,0.89,1.25
"خرید آنلاین لباس زنانه تابستانه","فروشگاه اینترنتی لباس زنانه",8500,0.92,1.28
"خرید آنلاین لباس زنانه تابستانه","مدل لباس تابستانی 2024",6900,0.96,1.35

"بهترین رستوران های شمال تهران","رستوران سنتی شمال تهران",5800,0.95,1.28
"بهترین رستوران های شمال تهران","رستوران لوکس شمال تهران",4900,0.91,1.22
"بهترین رستوران های شمال تهران","رستوران با فضای باز تجریش",5200,0.93,1.25
"بهترین رستوران های شمال تهران","منوی رستوران های شمال تهران",4500,0.88,1.18

"قیمت دلار امروز بازار آزاد","نرخ دلار آزاد به تومان",14200,0.98,1.45
"قیمت دلار امروز بازار آزاد","قیمت دلار ساعت چند",11500,0.95,1.38
"قیمت دلار امروز بازار آزاد","پیش بینی قیمت دلار فردا",9800,0.92,1.32
"قیمت دلار امروز بازار آزاد","نمودار قیمت دلار",8700,0.89,1.28

"دانلود فیلم جدید ایرانی","دانلود رایگان فیلم ایرانی 2024",12500,0.96,1.42
"دانلود فیلم جدید ایرانی","سایت دانلود فیلم ایرانی",11200,0.94,1.38
"دانلود فیلم جدید ایرانی","دانلود فیلم سینمایی ایرانی",9800,0.92,1.35
"دانلود فیلم جدید ایرانی","دانلود فیلم ایرانی با لینک مستقیم",8500,0.95,1.41

"آموزش آشپزی ایرانی","دستور پخت غذاهای ایرانی",9200,0.97,1.45
"آموزش آشپزی ایرانی","آموزش آشپزی سنتی ایرانی",8500,0.95,1.38
"آموزش آشپزی ایرانی","طرز تهیه غذای ایرانی ساده",7800,0.93,1.32
"آموزش آشپزی ایرانی","آموزش آشپزی تصویری",6900,0.91,1.28

"خرید کتاب آنلاین","فروشگاه اینترنتی کتاب",7200,0.94,1.35
"خرید کتاب آنلاین","خرید کتاب با تخفیف",6500,0.92,1.28
"خرید کتاب آنلاین","سایت خرید کتاب دانشگاهی",5800,0.89,1.22
"خرید کتاب آنلاین","خرید اینترنتی کتاب رمان",5200,0.95,1.38

"جراحی بینی طبیعی در تهران","هزینه جراحی بینی تهران",11200,0.96,1.42
"جراحی بینی طبیعی در تهران","بهترین جراح بینی تهران",9800,0.98,1.48
"جراحی بینی طبیعی در تهران","جراحی بینی فانتزی",8500,0.92,1.35
"جراحی بینی طبیعی در تهران","عکس قبل بعد جراحی بینی",7800,0.94,1.38

"خدمات نظافت منزل تهران","نظافت منزل با مواد ارگانیک",6200,0.93,1.28
"خدمات نظافت منزل تهران","شرکت نظافتی معتبر تهران",5800,0.95,1.32
"خدمات نظافت منزل تهران","نظافت منزل سریع",5200,0.91,1.25
"خدمات نظافت منزل تهران","هزینه نظافت منزل تهران",4900,0.89,1.22

"قیمت آپارتمان در تهران","خرید آپارتمان تهران منطقه 5",9800,0.94,1.35
"قیمت آپارتمان در تهران","قیمت خانه در تهران 1403",11200,0.96,1.42
"قیمت آپارتمان در تهران","خرید آپارتمان نوساز تهران",8500,0.92,1.32
"قیمت آپارتمان در تهران","قیمت متری آپارتمان در تهران",7800,0.95,1.38

"متخصص پوست و مو تهران","درمان ریزش مو تهران",7200,0.95,1.35
"متخصص پوست و مو تهران","بهترین متخصص پوست تهران",8500,0.97,1.45
"متخصص پوست و مو تهران","لیزر موهای زائد تهران",6500,0.93,1.32
"متخصص پوست و مو تهران","درمان آکنه تهران",5800,0.91,1.28

"رزرو بلیط اتوبوس","خرید بلیط اتوبوس آنلاین",9200,0.98,1.48
"رزرو بلیط اتوبوس","سایت خرید بلیط اتوبوس",8500,0.96,1.42
"رزرو بلیط اتوبوس","قیمت بلیط اتوبوس تهران مشهد",7800,0.94,1.38
"رزرو بلیط اتوبوس","رزرو اینترنتی بلیط اتوبوس",7200,0.95,1.41

"آموزش برنامه نویسی پایتون","آموزش پایتون پروژه محور",11200,0.97,1.45
"آموزش برنامه نویسی پایتون","آموزش ماشین لرنینگ با پایتون",9800,0.95,1.38
"آموزش برنامه نویسی پایتون","دانلود آموزش پایتون رایگان",8500,0.93,1.32
"آموزش برنامه نویسی پایتون","آموزش پایتون برای مبتدیان",7800,0.96,1.42

"قیمت طلای 18 عیار","قیمت طلا امروز بازار",14200,0.98,1.52
"قیمت طلای 18 عیار","نمودار قیمت طلا",9800,0.95,1.38
"قیمت طلای 18 عیار","پیش بینی قیمت طلا",8500,0.92,1.32
"قیمت طلای 18 عیار","قیمت سکه و طلا",11200,0.96,1.45

"دانلود آهنگ جدید ایرانی","دانلود آهنگ شاد ایرانی",12500,0.97,1.48
"دانلود آهنگ جدید ایرانی","آهنگ جدید ایرانی 1403",11200,0.98,1.52
"دانلود آهنگ جدید ایرانی","دانلود آهنگ با لینک مستقیم",9800,0.95,1.42
"دانلود آهنگ جدید ایرانی","دانلود آهنگ عاشقانه ایرانی",8500,0.96,1.45

"بهترین دانشگاه های ایران","رتبه بندی دانشگاه های ایران",7800,0.97,1.42
"بهترین دانشگاه های ایران","لیست دانشگاه های دولتی",6500,0.94,1.35
"بهترین دانشگاه های ایران","بهترین دانشگاه برای کامپیوتر",7200,0.95,1.38
"بهترین دانشگاه های ایران","شرایط پذیرش دانشگاه های برتر",5800,0.92,1.32

"خرید لوازم التحریر فانتزی","لوازم التحریر دخترانه",5200,0.95,1.35
"خرید لوازم التحریر فانتزی","خرید آنلاین دفتر مشق",4800,0.93,1.28
"خرید لوازم التحریر فانتزی","لوازم التحریر تحریر",4500,0.91,1.25
"خرید لوازم التحریر فانتزی","مداد رنگی فانتزی",4200,0.94,1.32

"تور کیش همه شامل","هتل های کیش با تخفیف",8500,0.96,1.42
"تور کیش همه شامل","تور کیش ارزان",9200,0.94,1.38
"تور کیش همه شامل","قیمت تور کیش نوروز",7800,0.97,1.45
"تور کیش همه شامل","تور کیش با بلیط هواپیما",7200,0.95,1.41

"آموزش زبان آلمانی","آموزش زبان آلمانی سطح A2",6500,0.95,1.35
"آموزش زبان آلمانی","آموزش مکالمه آلمانی",5800,0.93,1.28
"آموزش زبان آلمانی","کلمات پرکاربرد آلمانی",5200,0.96,1.42
"آموزش زبان آلمانی","آموزش گرامر آلمانی",4900,0.94,1.38

"وام مسکن ملی","شرایط وام مسکن 1403",9800,0.97,1.45
"وام مسکن ملی","محاسبه وام مسکن",8500,0.95,1.38
"وام مسکن ملی","وام مسکن بانک ملی",7800,0.96,1.42
"وام مسکن ملی","جدول اقساط وام مسکن",7200,0.94,1.38

"تعمیرات لوازم خانگی","تعمیر یخچال در محل",6500,0.95,1.35
"تعمیرات لوازم خانگی","تعمیر ماشین لباسشویی",5800,0.93,1.28
"تعمیرات لوازم خانگی","تعمیر اجاق گاز",5200,0.96,1.42
"تعمیرات لوازم خانگی","تعمیرات لوازم برقی خانگی",4900,0.94,1.38

"برنامه غذایی برای کاهش وزن","رژیم لاغری سریع",9200,0.97,1.45
"برنامه غذایی برای کاهش وزن","برنامه غذایی سالم",8500,0.95,1.38
"برنامه غذایی برای کاهش وزن","رژیم کتوژنیک",7800,0.93,1.32
"برنامه غذایی برای کاهش وزن","کالری شمار غذاها",7200,0.96,1.42
